sample_id	label	feature_version	random_seed	num_scrambles	computed_at	comp_frac_A	comp_frac_C	comp_frac_D	comp_frac_E	comp_frac_F	comp_frac_G	comp_frac_H	comp_frac_I	comp_frac_K	comp_frac_L	comp_frac_M	comp_frac_N	comp_frac_P	comp_frac_Q	comp_frac_R	comp_frac_S	comp_frac_T	comp_frac_V	comp_frac_W	comp_frac_Y	comp_frac_polar	comp_frac_hydrophobic	comp_frac_aromatic	comp_frac_KR	comp_frac_DE	comp_FCR	comp_FCE	comp_frac_disorder_promoting	comp_cum_patch_A	comp_cum_patch_C	comp_cum_patch_D	comp_cum_patch_E	comp_cum_patch_F	comp_cum_patch_G	comp_cum_patch_H	comp_cum_patch_I	comp_cum_patch_K	comp_cum_patch_L	comp_cum_patch_M	comp_cum_patch_N	comp_cum_patch_P	comp_cum_patch_Q	comp_cum_patch_R	comp_cum_patch_S	comp_cum_patch_T	comp_cum_patch_V	comp_cum_patch_W	comp_cum_patch_Y	comp_ratio_RK	comp_ratio_ED	comp_NCPR	comp_pI	comp_hydropathy_KD	comp_PPII	pat_pol_pol	pat_pol_hyd	pat_pol_pos	pat_pol_neg	pat_pol_aro	pat_pol_ala	pat_pol_pro	pat_pol_gly	pat_hyd_hyd	pat_hyd_pos	pat_hyd_neg	pat_hyd_aro	pat_hyd_ala	pat_hyd_pro	pat_hyd_gly	pat_pos_pos	pat_pos_neg	pat_pos_aro	pat_pos_ala	pat_pos_pro	pat_pos_gly	pat_neg_neg	pat_neg_aro	pat_neg_ala	pat_neg_pro	pat_neg_gly	pat_aro_aro	pat_aro_ala	pat_aro_pro	pat_aro_gly	pat_ala_ala	pat_ala_pro	pat_ala_gly	pat_pro_pro	pat_pro_gly	pat_gly_gly
SMP_c8ac38f240f75862	idr_pos	nardini90_v1	7	50	2026-02-25T13:12:43.694769+00:00	-1.7153677425764262	-0.7432275391949386	-0.21686392346637146	-1.7074093233733652	-0.4416666496610642	2.5638196641614623	-1.8803896768463988	-1.0595013546368814	-1.1465805529634112	-2.2547198636248713	-0.6531602672604546	0.24171897937589212	-0.5380838709339257	2.638899017761348	0.37223028380262685	0.8539518978222111	-0.7705093527119671	-2.686371580284235	-0.47730916973964804	2.2037719324993517	1.0643681048693951	-2.7007582799077294	0.9515876726542845	-0.49041982975095744	-1.3199510078136485	-1.1492079757070497	-1.3597834760353804	1.7868671154884697	-1.3087986988351743	-0.39223227027636803	-0.2656394567373307	-1.033611353396245	-0.580282860852893	3.181033590069143	-0.6115928396627266	-0.07868894753646344	-0.7729379060944364	-0.9123510061281979	-0.5388159060803248	-0.21887026206583313	-0.4108430933997999	2.3133233108306914	0.12255972842766834	0.352093773105034	-0.6677766515147817	-0.9297979201541785	-0.3333333333333333	-0.4662524041201569	1.0028541641392497	-1.39372601092193	0.6033773789052106	0.968463638472979	-2.088633938271962	-1.6469269505815984	7.772579780915295	0.0	0.0	0.0	0.0	0.0	0.0	10.169257476134984	0.0	0.0	0.0	0.0	0.0	0.0	0.0	0.0	0.0	0.0	0.0	0.0	0.0	0.0	0.0	0.0	0.0	0.0	0.0	0.0	0.0	0.0	0.0	0.0	0.0	0.0	0.0	7.560492846725948
SMP_4716503617ace23a	idr_pos	nardini90_v1	7	50	2026-02-25T13:12:44.739492+00:00	-1.5283325257376292	-1.0305835344573706	-0.274820118869198	-0.7449923238632247	1.6076689695398063	1.9925705181871929	0.2926515684360191	-0.6545395731478176	-0.3449166374586545	-1.6133419235206559	-0.554402453597152	0.8511250962546542	-1.3753852550074197	-0.7592196164179775	0.2567887730409123	0.32573780010106557	-1.0050376821747236	-0.34453282811014707	-0.8626931547966559	1.2467623780080153	-0.2554420029946245	-1.3639581987730842	1.5150715178650171	-0.05569230658938316	-0.6572088824448132	-0.44615647095850924	-1.0461241713680396	0.40165117806532813	-1.3087986988351743	-0.39223227027636803	-0.6591793926444873	-0.6360685251669199	-0.580282860852893	1.4385319278279811	1.1358152736593496	-0.8655784229010972	-0.4004377103862743	-0.9123510061281979	-0.5388159060803248	0.1459135080438887	-0.8116656235459462	-0.585880838513256	-0.6316539849733671	-0.2723089772290165	-0.39796790342800126	0.011769593926002218	-0.3333333333333333	-0.4662524041201569	-0.01260897071061704	-0.5531297734975814	0.4545743268268696	0.9068463517769083	-0.568886475298746	-2.067044515129606	0.9520052869388023	2.7124067300980945	1.8474688326158053	0.0	-0.3964379242998814	0.0	0.0	3.474297940612428	2.9369682708652123	-0.8991107317259359	0.0	2.000189436298279	0.0	0.0	8.063240209170896	0.505384146286641	0.0	0.9061099545095791	0.0	0.0	4.769075231079503	0.0	0.0	0.0	0.0	0.0	-1.6045645880818027	0.0	0.0	-1.3721163306551278	0.0	0.0	0.0	0.0	0.0	5.8655714794078335
SMP_30128827fb51cc4b	idr_pos	nardini90_v1	7	50	2026-02-25T13:12:46.562123+00:00	0.4104524084771122	-1.0591750890791507	0.11571642101397805	0.26849549672732803	-1.1659632211259527	-0.10404455830600029	0.8795503595726298	-0.3800422831178597	0.957702833434812	-0.23710718234819592	-1.0408440763266873	-1.383936487020576	1.9848466164029088	-0.10384258958193103	-0.6037096663559524	0.00926619292167569	1.0262651026480352	0.2005828329496115	-1.2062727753729037	-1.141838885731301	-0.23757609148628456	-0.41418760185339437	-1.7267127295153641	0.22394853093809314	0.24437769283434585	0.30180144115083224	1.1761012377091593	1.1180552646080724	0.8426512170582627	-0.39223227027636803	-0.6591793926444873	-0.238525696937595	-0.580282860852893	-0.18780295693043636	1.1358152736593496	-0.07868894753646344	0.34456268103004983	-0.08917716601253066	-0.5388159060803248	-0.5836540321755549	1.693475189867468	-0.585880838513256	-0.6316539849733671	0.03989239793800873	-0.39796790342800126	0.4825533509660926	-0.3333333333333333	-0.4662524041201569	-0.7137432542852192	0.022906717972276013	-0.002816470927007513	-0.12806965090618336	-0.606659078165064	1.68828594224145	0.1327433935888545	-1.8655614215572498	-1.9850279467452687	1.1017531528959938	0.0	0.0	0.32503250181899396	0.18879529293723793	0.7004969205943011	-1.61326935501303	-0.5518391782845854	0.0	0.0	1.3480863471287405	1.8927336533745076	-0.9704867048202548	0.6330651976142516	0.0	0.0	0.7426514634231381	-0.16296750977225263	1.093646606464869	0.0	0.0	2.3326182471725505	0.6751757116761072	0.0	0.0	0.0	0.0	0.0	0.0	0.0	2.115910657688299	-0.15746868941101672	0.7023294890974485
SMP_9f2c7744072111fb	idr_pos	nardini90_v1	7	50	2026-02-25T13:12:47.362166+00:00	-0.2481099930023459	0.14508876047951277	-0.010599816838068161	-0.5784975869418436	1.127937332028234	0.27545764403265116	-1.0038722620873022	0.13728151983150408	-0.3477857619027961	-0.42737534604576527	2.381710284792688	1.4806304144811167	-0.9724509587334793	0.552702502871102	-0.4383508155542092	-0.1216705982907583	-0.7638193336520676	0.6058073039118925	0.6460695268642579	-0.5030325820063631	0.30863520782581516	0.5227159075843966	0.5507390548187882	-0.49834803328655847	-0.4188603184426112	-0.5938494922061365	-1.0111529382227953	-0.6801108893528978	-0.4123612338795756	-0.39223227027636803	-0.2656394567373307	-1.033611353396245	0.42890472323909495	-0.3426919935740952	-0.6115928396627266	-0.07868894753646344	-0.7729379060944364	-0.6379597260896421	3.0532901344551737	0.5106972781536105	-0.8116656235459462	-0.3442804927345937	-1.008760841673885	-0.44575418565514163	-0.39796790342800126	-0.45901416311408816	-0.3333333333333333	-0.4662524041201569	-0.32753108221688854	-0.5531297734975814	-0.08881529026845023	-0.5703960079542444	0.7088054297132755	-0.779804007849152	1.337841918337325	3.543037348345826	0.0	2.880845550893997	0.0	0.0	0.0	0.4630958504269065	1.579196359476196	0.0	1.4325342577459639	0.0	0.0	0.0	2.926618486920079	0.0	0.0	0.0	0.0	0.0	0.0	2.8110216667496215	0.0	0.0	0.0	4.932241754810482	0.0	0.0	0.0	0.0	0.0	0.0	0.0	0.0	0.0	2.419768746750242
SMP_a08b148f59baf0c0	idr_pos	nardini90_v1	7	50	2026-02-25T13:12:48.265805+00:00	1.7720636109966228	0.1937249034594581	0.3418120016915987	0.6853363725592452	-1.395837988722963	-0.7999671284899996	0.4025906071851159	-0.6031201995507417	-1.8528708494928336	1.7386140514058481	-0.2904853520528168	-0.862049455070695	1.905277037536188	-0.8877072913655866	-0.5744535684080304	0.40117174187912813	-0.7065873397427997	0.5471261692770626	-0.2560005162326498	0.48071876970085614	-0.580939334280145	0.8851896205233915	-0.624984214594619	-1.5382880933930925	0.6447242115939075	-0.6274700064742642	0.23450251113371035	-0.0620692473121783	0.12550124509378371	-0.39223227027636803	-0.2656394567373307	-0.13913998988026377	-0.580282860852893	-0.7299145851832421	-0.6115928396627266	-0.8655784229010972	-1.1454381018025985	0.18521411402602506	-0.5388159060803248	-0.5836540321755549	-0.21043182832672677	-0.585880838513256	-0.6316539849733671	-0.5151322690255917	-0.6677766515147817	-0.45901416311408816	-0.3333333333333333	-0.4662524041201569	3.721467476296768	0.1753869654283965	-1.748660152406716	-1.465120662598753	1.3182011932194928	1.0632985970133189	0.38434174916751973	2.4739363113920803	0.0	1.5146324677230205	0.0	-0.029771025063799084	0.2982140324919243	0.0	1.6511886926865962	0.0	5.182035410546477	0.0	1.8673027846155168	-0.002324416863141021	0.0	0.0	0.0	0.0	0.0	0.0	0.0	2.610055153908071	0.0	1.9343187329075806	4.721654510015369	0.0	0.0	0.0	0.0	0.0	1.0035501322863893	-0.6383415313025026	0.0	-0.7100151470118465	0.0	0.0
SMP_8f71c46e31b4d998	idr_pos	nardini90_v1	7	50	2026-02-25T13:12:49.027101+00:00	-0.17784584748724336	-0.4079878450402457	3.464131408401025	1.2536129490505088	-0.4916563449006496	-0.7743908752800144	-0.3259798899128552	0.14996374865214973	2.0064772284156596	0.13685430403779897	0.6353044871458444	-0.6036351495706895	-0.3157426631844254	-0.14901762141654473	-1.2145437094300833	-0.4635620194420429	-0.8984730336076916	0.6600301426035632	-0.33680598044525645	-0.8181577942869042	-1.0219248723022192	0.4926669807584378	-0.8885703223459209	0.501082266465795	2.4597827013625038	1.8655425864782147	1.6790554409205913	-0.38746953635897485	-1.3087986988351743	-0.39223227027636803	2.2923701266591876	0.15901713129172995	-0.580282860852893	-0.6137478077004981	-0.6115928396627266	-0.8655784229010972	-0.027937514678112223	-0.6379597260896421	-0.5388159060803248	-0.5836540321755549	-0.611254358472873	-0.585880838513256	-1.008760841673885	-0.5845103523960418	-0.6677766515147817	-0.45901416311408816	-0.3333333333333333	-0.4662524041201569	-0.9410157151762341	-0.6816915509976458	-1.4620425757724662	-1.3072800601379844	-0.8423290272414945	1.102570969129414	-0.24216233473226279	-1.0242659677130928	-1.837897114719422	7.826549757512367	0.0	0.0	0.0	0.0	1.019976010205929	-0.8659654882151637	6.762156586600341	0.0	0.0	0.0	0.0	0.22345558719802036	9.283878719423573	0.0	0.0	0.0	0.0	7.726347890158215	0.0	0.0	0.0	0.0	0.0	0.0	0.0	0.0	0.0	0.0	0.0	0.0	0.0	0.0
SMP_8682649cac421cd4	idr_pos	nardini90_v1	7	50	2026-02-25T13:12:50.032790+00:00	2.4547949754559073	-1.009456672420363	-1.2707846350445755	1.7325137789084495	-1.3475048530121647	-0.9003407537877678	-1.5219059704301405	-1.146890758035167	2.6674017543564297	1.1116610375631457	-1.3937982751767461	-1.3913725376536825	-0.8730017095531378	1.1282831415579404	3.185594076609241	-1.7972623269189067	-0.9453718107298168	-1.3298428961422855	-0.14412635830062537	-1.109969941622247	-1.9611274534773309	-0.5413620022894836	-1.5380937030578197	3.7102892808639742	0.66692936170111	2.895950575663659	2.4363712866330642	2.2017788351175827	0.4840762310760232	-0.39223227027636803	-0.6591793926444873	-0.4372971110522575	-0.580282860852893	-0.884803621826901	-0.6115928396627266	-0.8655784229010972	1.648313366008617	0.4596053940645808	-0.5388159060803248	-0.5836540321755549	-0.4108430933997999	-0.10268014695593143	2.5737542969810336	-0.6191993940812668	-0.6677766515147817	0.011769593926002218	-0.3333333333333333	-0.4662524041201569	-0.22415239512164192	3.685513069958493	2.526824960642087	1.6688282505875003	-2.2564778949794935	0.806729919306691	-0.12420544251132969	-0.03785902080696738	3.7640190547192933	0.13612107875220594	0.0	-0.84928156857709	0.0	0.0	2.884400239162354	3.920298664560955	-0.8184192409211207	0.0	1.0970829949612295	0.0	0.0	3.4087889850732442	1.9857016167061552	0.0	3.3424471019728816	0.0	0.0	-0.7677108125659444	0.0	-1.3377727486843127	0.0	0.0	0.0	0.0	0.0	0.0	-0.2871914701021109	0.0	0.0	0.0	0.0	0.0
SMP_5ac1268f96bdd591	idr_pos	nardini90_v1	7	50	2026-02-25T13:12:51.186498+00:00	0.4844670956433199	1.2907722116627616	0.645085054457407	1.7453676800118352	-0.30042303802049053	-0.9484307073998189	1.8001370955433638	-0.03300622533297859	-0.16597269939961581	0.46567904982150843	1.0602151208873576	-0.060479731789461026	-0.7393264200704709	-0.019648691367033268	-0.4478141698678189	-1.850065452956619	0.9785179354707052	2.160581962012093	0.28762926318459936	-0.13653899656410362	-0.4140937315474966	1.224282467842191	-0.19087427006192717	-0.3891519871456065	1.540266432645022	0.6981388418119088	0.3523941478326217	-1.4269284999918006	0.4840762310760232	1.5689290811054721	1.1117503189377176	2.0473455653810237	2.447279891423071	-0.5750255485395834	2.8832233869814257	-0.07868894753646344	0.5308127788841309	1.5571705142188037	-0.5388159060803248	-0.21887026206583313	-0.611254358472873	-0.10268014695593143	-0.44310055662310827	-0.7232665191369418	1.6255977072228525	1.4241208650462733	2.9999999999999996	-0.4662524041201569	-0.40653593251486103	0.6707783484182221	-1.4903621820588255	-1.2771378131309816	0.5328894784997471	0.2548831070601637	2.0077613165991637	0.8354678911304685	0.0024952686188751613	4.458736696069627	0.0	0.0	0.0	0.0	1.4178985761129927	1.303430767992653	4.18953390897266	0.0	0.0	0.0	0.0	-0.5999300418848331	4.340104664037643	0.0	0.0	0.0	0.0	2.2935212865403747	0.0	0.0	0.0	0.0	0.0	0.0	0.0	0.0	0.0	0.0	0.0	0.0	0.0	0.0
SMP_7d6be822794ac0a8	idr_pos	nardini90_v1	7	50	2026-02-25T13:12:52.119455+00:00	1.2428292084895234	-0.2694677514617944	-1.0837973532403633	-0.4646211793026544	-1.2874133620171009	-0.4319646430870599	-0.07979792317581959	-0.8287371991515965	1.195673754859975	0.718143529207876	-0.06618243492330649	-1.0571809184669583	0.9870560627644313	-0.3910653949045589	0.06643227830493482	0.8675547755887061	0.5739769871351245	0.10403620530692888	-0.005035756064970026	-1.2571741120307343	0.15297453983573042	0.13093764817810635	-1.554752216730206	0.7997128390433641	-0.8214058655840105	0.02366993191498842	0.4615874345537477	1.0429558236716094	-0.2330737408884558	-0.39223227027636803	-0.6591793926444873	-0.238525696937595	0.42890472323909495	-0.5750255485395834	-0.6115928396627266	-0.8655784229010972	-0.027937514678112223	-0.2263728060318085	-0.5388159060803248	-0.5836540321755549	0.4910075994290292	-0.585880838513256	-0.2545471282728494	0.24802664804935887	-0.6677766515147817	-0.9297979201541785	-0.3333333333333333	-0.4662524041201569	-0.5805934933365828	0.4182258784711778	1.2790903682279349	1.4687209842107498	0.15657978335842845	0.8831984498004735	1.8228154455823797	2.5993239650480455	3.944764468498158	0.0	0.0	2.6112341695989647	0.0	0.0	1.524437730390196	1.6637869401626155	0.0	0.0	0.10135521194539593	0.0	0.0	1.8619588875102608	0.0	0.0	1.9221509126294243	0.0	0.0	0.0	0.0	0.0	0.0	0.0	0.0	0.0	0.0	0.0	1.1816523937802397	0.0	0.0	0.0	0.0	0.0
SMP_6c88aeb739c15da0	idr_pos	nardini90_v1	7	50	2026-02-25T13:12:53.375089+00:00	-1.4670188846821461	-1.358596702529759	-0.28752006837006744	-0.2568278685838216	1.1657215537862815	1.8991450550129307	0.06226232221889502	-0.39788698020343183	-0.14470376937779925	-1.3363968897687857	-0.15707710808830677	0.7032105154057736	-0.8407525306959468	-0.9597075344159531	0.38986432583554526	-1.0317608300705936	-0.8996428296790719	-0.3686767704187148	-0.8442002007146483	1.86660927753684	-1.3359774419656756	-1.0446898386366537	1.6291946925112355	0.15555606305515945	-0.31351673958184156	-0.0910537489037884	-0.46230590548705597	0.22468816841224024	-0.9502237128529348	-0.39223227027636803	-0.6591793926444873	-0.238525696937595	-0.580282860852893	1.167476113701578	1.1358152736593496	-0.07868894753646344	-0.027937514678112223	-0.9123510061281979	-0.5388159060803248	-0.5836540321755549	-0.8116656235459462	-0.3442804927345937	-1.008760841673885	-0.5845103523960418	-0.39796790342800126	0.011769593926002218	-0.3333333333333333	1.3987572123604706	-0.0718048563246192	-0.12459051529007464	0.36579546877948377	0.8183949650392939	-0.705876632044251	-1.5391675884034954	-0.47230607274783915	0.05619004097678839	1.1076376544944295	-0.5318919941252358	-1.0984172348351964	0.0	0.0	3.2759563000254817	2.101217198625168	-0.46041137689850486	-1.2140447474369267	1.768309120678578	0.0	0.0	7.938033042561616	0.2989218987482448	0.21116422105816482	1.53588238116346	0.0	0.0	6.069355240370904	1.1389606245830521	0.3965411187730552	0.0	0.0	6.829826991956221	-1.0128373899085796	0.0	0.0	-1.2556309965154837	0.0	0.0	0.0	0.0	0.0	7.784631223105697
SMP_ae6b2401c072f85d	idr_pos	nardini90_v1	7	50	2026-02-25T13:12:54.012659+00:00	0.05045728557757961	-0.5371599568434638	-0.23631511860337195	-0.8281810851048439	1.2424953835179708	-0.3679030963690633	0.7099477848413347	1.710869908422584	-0.09350740779193326	0.25288926209897306	1.0071827545979164	1.6449872678364963	-1.0353802820535551	-0.5269808653514108	0.041401457594229696	-0.5456862021571667	0.01607066433222435	1.0650870754500374	-0.42215241430318495	0.12251796367471521	0.06839403919606156	1.3246556036737775	0.7214139477400539	-0.03299101203043078	-0.6993867259892035	-0.457219744306529	-0.9058646898618287	-1.5432683394956368	-0.9502237128529348	-0.39223227027636803	-1.052719328551644	-0.6360685251669199	-0.580282860852893	-0.8073591035050716	1.1358152736593496	-0.07868894753646344	-1.1454381018025985	-0.6379597260896421	-0.5388159060803248	-0.5836540321755549	-0.611254358472873	-0.585880838513256	-0.6316539849733671	-0.44575418565514163	-0.39796790342800126	-0.9297979201541785	-0.3333333333333333	-0.4662524041201569	-0.23755333607223947	-0.6441943658633286	0.5052362090817176	0.9574540476191513	1.343604124911469	-0.5793820198814268	-0.04138576920639498	-1.5757243738177447	-0.22829192579606666	0.0	0.0	0.0	0.0	0.0	-0.40626322617131194	-0.7663487396997801	0.0	0.0	0.0	0.0	0.0	-0.279618664990033	0.0	0.0	0.0	0.0	0.0	0.0	0.0	0.0	0.0	0.0	0.0	0.0	0.0	0.0	0.0	0.0	0.0	0.0	0.0	0.0
SMP_2af595c6cb1c74ff	idr_pos	nardini90_v1	7	50	2026-02-25T13:12:54.861917+00:00	-0.0838778613455861	0.7594072596727051	-1.414344591733256	-0.7652509415161887	1.456866293928063	-0.42600063199072247	-1.6602665335346232	0.012252933310839664	0.29394935928667704	-0.4648726797463262	-1.2166699912787096	0.2149958898704997	0.43282771514516655	-0.3384637176021572	-1.165188106998072	2.4884754293745828	2.437934499316682	0.09272988769092028	-0.5273265928796015	-1.0922310100644883	2.2892094231341256	-0.47778432757032113	0.08211377917567086	-0.5526818808397904	-1.1856823362196647	-1.1072990392909976	-0.8875811448522528	0.0924601160831585	1.559801189022742	1.5689290811054721	-0.462409424690909	0.8547170806930486	-0.580282860852893	0.12197511635688126	1.1358152736593496	0.7082005278281703	1.462063268154536	-0.3635684460510864	-0.5388159060803248	0.8754810482633323	0.7916244970386389	0.3805205446013932	1.0653268701789627	3.8209979416275366	3.109545821700145	0.011769593926002218	-0.3333333333333333	-0.4662524041201569	-0.7855996082524055	0.48760842537076754	0.45028302933464365	0.7754723600086931	1.0084780489455827	0.013399145870067578	3.6799033437050945	2.1505335303621815	0.0	0.0	0.0	0.0	0.0	0.0	-0.6853732605228628	0.0	0.0	0.0	0.0	0.0	0.0	0.0	0.0	0.0	0.0	0.0	0.0	0.0	0.0	0.0	0.0	0.0	0.0	0.0	0.0	0.0	0.0	0.0	0.0	0.0	0.0	0.0
SMP_fb20c9f8e2d7cfe5	idr_pos	nardini90_v1	7	50	2026-02-25T13:12:56.003914+00:00	0.3461158589274485	-1.0513748507419831	0.7316815112866609	0.34594729641114647	-0.0785537564559772	-0.582510258544278	1.6383082694534896	2.4905294296993654	-0.3503369260108856	0.9005732327460148	-1.0262338958944797	-0.49203253577274625	-0.4206859531482727	-0.6755315182075493	0.27857944964303805	-0.6667003199447741	-0.4306201868431443	0.6634733905855176	-0.0398042851766208	0.44385896535605385	-0.9718708968806883	1.3908395461329994	0.21284422632284122	-0.04530759179335006	0.5776421844849265	0.32911362111438147	0.13406858758838777	-1.001727843681026	0.663363724067143	-0.39223227027636803	0.12790047916982597	0.15901713129172995	-0.580282860852893	-0.42013651189592455	-0.6115928396627266	2.6754242162397546	-1.1454381018025985	0.7339966741031365	-0.5388159060803248	-0.5836540321755549	0.3908019668924927	-0.585880838513256	1.6309871552297392	-0.4110651439699166	-0.12815915534122077	-0.45901416311408816	2.9999999999999996	1.3987572123604706	0.0007660997558946704	-0.2674369345805406	-0.47662550631344236	-0.7314963618354691	1.0099024069728153	0.0762427113319085	0.892968283695232	-0.6485038351112866	3.526250962042251	1.0353807433069797	0.0	0.0	0.0	0.0	-0.788842497880195	-0.32561315397075025	-1.1310985564324056	0.0	0.0	0.0	0.0	2.7588056173423965	0.7259846776031637	0.0	0.0	0.0	0.0	0.789434265478396	0.0	0.0	0.0	0.0	0.0	0.0	0.0	0.0	0.0	0.0	0.0	0.0	0.0	0.0
SMP_720dfd73503498ae	idr_pos	nardini90_v1	7	50	2026-02-25T13:12:56.690566+00:00	-0.07261198160235025	0.2806651590453709	-0.9484438651925108	-0.8972176995721981	0.482469275962337	-0.26679818161777646	0.1853898016150085	0.6283071926930174	-0.31414416285050273	-1.119242438745521	1.8859218843019898	0.8817076604139475	-0.2553874646643932	2.2212474460140337	-0.9765947886560437	-0.8927904465989577	0.8110475495249543	1.0568600123580265	2.1049090602323846	0.8591365451353806	1.0231429637988296	0.3633545293916883	1.373883537709174	-0.8183716732151309	-1.0700015475023938	-1.2129830209237222	-1.2963894579029338	-1.0505086777027934	0.12550124509378371	-0.39223227027636803	-1.052719328551644	-1.033611353396245	0.42890472323909495	-0.6524700668614127	-0.6115928396627266	-0.8655784229010972	-0.7729379060944364	-0.9123510061281979	-0.5388159060803248	-0.5836540321755549	-0.4108430933997999	0.5013207174907243	-1.008760841673885	-0.4110651439699166	0.14164959274555974	0.953337108006183	-0.3333333333333333	-0.4662524041201569	-0.5832573081091579	-0.2409083139857535	0.14496668898101087	0.1752362369150837	0.5530554139157942	0.0791617828498297	1.0010643602808815	1.5497799683744746	0.0	0.0	1.302576150922802	0.0	0.0	0.0	0.33231275657895476	0.0	0.0	0.8906452284783142	0.0	0.0	0.0	0.0	0.0	0.0	0.0	0.0	0.0	0.0	0.0	0.0	0.0	0.0	0.18644060706036492	0.0	0.0	0.0	0.0	0.0	0.0	0.0	0.0	0.0
SMP_23ef32fcc70e03ef	idr_pos	nardini90_v1	7	50	2026-02-25T13:12:59.496983+00:00	-0.848841927841043	-0.15281555082897677	-0.3685779795599814	-0.4128812528099122	-0.2086892943647796	-0.7194236630733944	0.26713120172537796	1.1618511042291393	-0.16403072072647368	0.37764672647436814	0.7657973467466646	-0.012229885032245435	1.1460620832001553	-0.8252213466648143	-0.3854839747298061	0.3843706796416403	1.627994922263589	0.31147556769932816	-0.29796685458046807	0.8098558341319824	0.4882871845387363	0.8876180079335183	0.2891135497092357	-0.348393497801001	-0.46177773733151567	-0.5202815778058959	0.0017509340465886583	-0.9961466980938379	1.2012262030405023	-0.39223227027636803	2.2923701266591876	0.35778854540639243	2.951873683469065	-0.07163617944769225	-0.6115928396627266	1.888534740875121	2.0208135617167793	2.517539994353749	1.2572371141874243	1.2402648183730542	-0.4108430933997999	-0.3442804927345937	1.2538802985292217	-0.3069980189142415	0.6812670889191207	3.54264777172668	-0.3333333333333333	3.263766828841098	-0.38151772992852895	-0.20470872426613534	0.06647942266444987	0.0008897756224505376	0.7061745340376457	0.7686287910715238	1.4095094310355798	4.712658421775851	2.888113231637998	4.355348221948056	0.0	0.0	-8.23469363104269	0.0	5.0496403549107685	-1.8839972225207817	-0.30283613869406756	0.0	0.0	6.079328254334945	0.0	2.038538049751995	1.0451197414187865	0.0	0.0	4.033879706365607	0.0	2.74904720823412	0.0	0.0	6.611648712935671	0.0	0.0	0.0	0.0	0.0	0.0	0.0	0.0	3.3874572001106382	0.0	0.0
SMP_17f32850151bc71d	idr_pos	nardini90_v1	7	50	2026-02-25T13:13:00.595685+00:00	0.2478347734573566	0.541623553234732	0.5660606996772808	1.7256951488053816	-0.9109482914047821	-0.8398763019771198	-0.06303093517102658	0.04826598402821827	-0.38504560772468993	1.4629399871065372	-0.9802710579942369	-0.425077040554771	0.29564897293717624	-0.06083866711780054	0.3695838387456367	0.519795928076481	-0.42024617237790646	-0.8531749786334925	-1.0335543715156548	-0.5998095023947557	0.08854605660059028	0.32683841370719147	-1.1944420728994685	-0.009586736476432172	1.4905418962595656	0.9210068294300217	1.0295330574041464	0.31264777918968645	0.663363724067143	-0.39223227027636803	1.7020602227984527	3.041202635954336	-0.580282860852893	-0.7299145851832421	-0.6115928396627266	0.7082005278281703	1.275813170300455	-0.3635684460510864	-0.5388159060803248	-0.21887026206583313	-0.010020563253653622	0.13892019882273085	1.2538802985292217	0.24802664804935887	-0.12815915534122077	-0.45901416311408816	-0.3333333333333333	-0.4662524041201569	0.06580020817871408	0.7178994311100008	-1.142107564213056	-1.253804814721526	-0.4078768578652933	0.5233975872020092	0.9609846234634797	0.5324798555329624	2.2021254182739844	6.654111045767682	0.0	0.0	0.0	0.0	-0.4352077340642001	1.417174428033425	6.125720013485838	0.0	0.0	0.0	0.0	2.6726615462934085	9.932232957951006	0.0	0.0	0.0	0.0	5.383726955292363	0.0	0.0	0.0	0.0	0.0	0.0	0.0	0.0	0.0	0.0	0.0	0.0	0.0	0.0
SMP_7093ff2e858909ce	idr_pos	nardini90_v1	7	50	2026-02-25T13:13:01.342973+00:00	-0.3327031903055406	1.7498007507197033	-0.15708260723386594	-0.9066898949915403	0.6105911878113786	0.7464433058594826	0.11341762041476355	-1.3880447283242896	-0.7628524314886251	-0.16296469657075732	-0.4786105422806915	-1.0001695535776405	-0.7969808758688492	-0.5153876265703102	1.748222595769302	0.8110014885849455	-0.9193284888196741	-0.25141614770384	0.08475367770148176	0.47313115028795655	-0.07350495614251981	-0.766251525960108	0.6838491387717373	0.6253270974668464	-0.7198449432283028	-0.029746504954318367	-0.38307174632607544	0.5076699952668773	-1.6673736848174139	-0.39223227027636803	-0.6591793926444873	-0.8348399392815824	0.42890472323909495	0.00580833887413715	-0.6115928396627266	-0.8655784229010972	-1.1454381018025985	-0.3635684460510864	1.2572371141874243	-0.5836540321755549	-0.8116656235459462	-0.585880838513256	0.12255972842766834	-0.3763761022846916	-0.6677766515147817	0.011769593926002218	-0.3333333333333333	1.3987572123604706	1.2184501919037034	-0.7474009038697476	1.0591890394436867	1.1328009097309202	-0.10655782219955734	-1.2030438990571297	0.7959059126334195	1.664438963561231	0.5251794208114556	0.0	0.0	0.0	0.0	2.584356103422765	2.30765515687794	2.247598950302058	0.0	0.0	0.0	0.0	3.407356660890776	-0.5236601197134352	0.0	0.0	0.0	0.0	-1.6294174978851381	0.0	0.0	0.0	0.0	0.0	0.0	0.0	0.0	0.0	0.0	0.0	0.0	0.0	0.0	2.338865118368857
SMP_fabac72cde163373	idr_pos	nardini90_v1	7	50	2026-02-25T13:13:02.221571+00:00	0.22180521801690037	2.3794142198315895	0.19386574475606605	0.8241399296096145	-0.30042303802049053	-0.3392912949805026	1.3983009852921386	-0.42977263631159873	-0.45290004835635017	0.7424189599181039	0.15396040986053683	-1.1755151327153484	1.0508444324691788	-1.0135807149181577	-0.12530997926559073	0.27607272584648795	-1.0317393924122582	-0.5073991728962729	0.5366129362775164	-0.4407113850479034	-0.4346815605085434	0.11743480107569136	-0.3111487387765558	-0.3664272067657368	0.677347708292106	0.1764251435240536	0.6388965334675765	0.14235831621812123	0.8426512170582627	3.5300904324873126	-0.06886948878375235	-0.4372971110522575	-0.580282860852893	-0.49758103021775396	-0.6115928396627266	-0.8655784229010972	-0.7729379060944364	-0.08917716601253066	-0.5388159060803248	-0.5836540321755549	0.2905963343559561	-0.585880838513256	-0.2545471282728494	-0.23761993554379146	-0.6677766515147817	-0.45901416311408816	-0.3333333333333333	-0.4662524041201569	-0.12508115338018105	0.3793716525374832	-0.8151165696684465	-1.0925643766777893	0.3604608971607106	0.577692879327849	0.992130221715644	0.19145774102325672	1.8827825697918208	1.073919468633478	0.0	0.0	0.0	0.0	1.5042305157301203	-0.7209520709743283	0.44481186236072195	0.0	0.0	0.0	0.0	0.3492551703486901	1.1181670740233873	0.0	0.0	0.0	0.0	0.8272790049915578	0.0	0.0	0.0	0.0	0.0	0.0	0.0	0.0	0.0	0.0	0.0	0.0	0.0	0.0
SMP_2217c898bc652e56	idr_pos	nardini90_v1	7	50	2026-02-25T13:13:03.563006+00:00	-0.37664734877368145	-0.6685915235483139	-0.35650857746447856	-0.9493505307785854	-0.9327683610777759	0.05544051533827492	-0.639086283286588	-0.8446986837533058	-0.19814049547741647	-0.27189143979036673	-0.11891623421254406	1.9729567964496157	1.0483391529250754	1.0464739941601446	-1.0515214749162691	1.0305423999583267	0.8451932086981974	-1.0422652612976226	3.116869815445742	-1.0568359313945854	1.9359663227986121	-0.8364201673128271	-0.39344933119116343	-0.792387697337671	-0.8403301061898979	-1.0527062327657375	-0.5608972201122044	0.23235997675764702	1.7390886820138616	-0.39223227027636803	0.12790047916982597	0.5565599595210549	-0.580282860852893	1.3610874095061518	-0.6115928396627266	-0.07868894753646344	1.089563072446374	2.2431487143151934	1.2572371141874243	3.611359324086246	3.3969709429885895	3.2797246939453406	-0.6316539849733671	1.4621431070322348	1.7605020812662429	-0.45901416311408816	-0.3333333333333333	-0.4662524041201569	-0.6480768030018914	-0.6886677715062492	-0.008557709212201359	-0.2804847144297363	-0.81138941678987	0.40814540300697616	2.051784781746079	2.04030855124661	0.0	0.0	0.0	0.0	0.0	1.6565623297841454	2.4103902786116183	0.0	0.0	0.0	0.0	0.0	0.9337319044615399	0.0	0.0	0.0	0.0	0.0	0.0	0.0	0.0	0.0	0.0	0.0	0.0	0.0	0.0	0.0	0.0	0.0	0.0	0.0	0.0	1.7202994419131679
SMP_8674db626d3c0a74	idr_pos	nardini90_v1	7	50	2026-02-25T13:13:04.938553+00:00	-0.3794631316877761	0.9479401980405336	0.5673058143320935	-0.06918896524533256	1.1680982022101234	-0.03193460768847007	-0.5753581418533834	1.4269188006988505	-0.39741685933156734	-0.019507680218931296	0.08655940075314454	0.47234580713681207	-0.6877240894663975	-0.36139290646278815	0.2742731748364129	-0.5984428634154488	0.47437475336161017	-0.08411091435836857	-0.32359584958309606	-0.35006267518776557	-0.13238550101235805	0.4788784155022039	0.41321648189502325	-0.07786853140809188	0.2063540211544155	0.07632484320888701	-0.2310904211210213	-0.9152628368896261	-0.5916487268706954	-0.39223227027636803	-0.2656394567373307	-0.238525696937595	0.42890472323909495	-0.18780295693043636	-0.6115928396627266	1.495090003192804	-0.21418761253219326	-0.6379597260896421	1.2572371141874243	0.6930891632084715	-0.11022619579019019	-0.10268014695593143	0.12255972842766834	-0.23761993554379146	-0.39796790342800126	-0.45901416311408816	-0.3333333333333333	-0.4662524041201569	0.029733498156738005	-0.45810585099024304	-0.22071287204648296	-0.7667530575910512	0.6965358321207615	-0.43026630430924473	0.62663041342985	1.123665597599993	0.49423664338488305	1.870992682326472	0.0	0.0	0.0	0.1358671880514628	1.4705285001625163	1.7577777259388527	1.2374480831674313	0.0	0.0	0.0	3.125237789120228	0.35851717011615786	1.4012453688094997	0.0	0.0	0.0	-1.5548556305257593	2.3069623444083938	0.0	0.0	0.0	3.592287276862579	0.0	0.0	0.0	0.0	0.0	0.0	0.0	0.0	0.0	1.9408786932946767
